session_time_s,obs_duration_s,difference_s,output_timecode,output_bytes
0.002416,0.000000,-0.002416,00:00:00.000,13991664489
1.003613,0.749000,-0.254613,00:00:00.749,13991941791
2.004178,1.749000,-0.255178,00:00:01.749,13992079697
3.004725,2.749000,-0.255725,00:00:02.749,13992209767
4.005441,3.749000,-0.256441,00:00:03.749,13992337696
5.005453,4.749000,-0.256453,00:00:04.749,13992633328
6.005645,5.749000,-0.256645,00:00:05.749,13992811297
7.007138,6.749000,-0.258138,00:00:06.749,13993487579
8.008348,7.749000,-0.259348,00:00:07.749,13994622478
9.008498,8.749000,-0.259498,00:00:08.749,13996125233
10.010514,9.749000,-0.261514,00:00:09.749,13997721544
11.011899,10.749000,-0.262899,00:00:10.749,13999511345
12.013576,11.749000,-0.264576,00:00:11.749,14000172092
13.014360,12.749000,-0.265360,00:00:12.749,14001828612
14.015821,13.766000,-0.249821,00:00:13.766,14003530338
15.017546,14.766000,-0.251546,00:00:14.766,14005295798
16.018495,15.766000,-0.252495,00:00:15.766,14006948914
17.019913,16.766000,-0.253913,00:00:16.766,14008620005
18.021642,17.766000,-0.255642,00:00:17.766,14010288753
19.022348,18.766000,-0.256348,00:00:18.766,14012091626
20.023080,19.766000,-0.257080,00:00:19.766,14013739165
21.023771,20.766000,-0.257771,00:00:20.766,14015376800
22.025502,21.766000,-0.259502,00:00:21.766,14017027980
23.026404,22.766000,-0.260404,00:00:22.766,14018676892
24.027154,23.766000,-0.261154,00:00:23.766,14020424292
25.028748,24.766000,-0.262748,00:00:24.766,14022091604
26.030148,25.766000,-0.264148,00:00:25.766,14023743171
27.030326,26.766000,-0.264326,00:00:26.766,14025381571
28.031265,27.783000,-0.248265,00:00:27.783,14027225348
29.031490,28.783000,-0.248490,00:00:28.783,14028890962
30.032209,29.783000,-0.249209,00:00:29.783,14030557353
31.032413,30.766000,-0.266413,00:00:30.766,14032180291
32.033106,31.766000,-0.267106,00:00:31.766,14033978613
33.034733,32.766000,-0.268733,00:00:32.766,14035634658
34.035302,33.783000,-0.252302,00:00:33.783,14037306902
35.035410,34.783000,-0.252410,00:00:34.783,14038977171
36.037051,35.783000,-0.254051,00:00:35.783,14040756713
37.037026,36.783000,-0.254026,00:00:36.783,14042419859
38.037354,37.783000,-0.254354,00:00:37.783,14044084582
39.037413,38.783000,-0.254413,00:00:38.783,14045765285
40.037534,39.783000,-0.254534,00:00:39.783,14047591760
41.039174,40.783000,-0.256174,00:00:40.783,14049263789
42.040037,41.783000,-0.257037,00:00:41.783,14050936087
43.040213,42.783000,-0.257213,00:00:42.783,14052607666
44.041006,43.783000,-0.258006,00:00:43.783,14054391786
45.041275,44.783000,-0.258275,00:00:44.783,14056057980
46.042126,45.783000,-0.259126,00:00:45.783,14057723837
47.042692,46.783000,-0.259692,00:00:46.783,14059388667
48.043038,47.783000,-0.260038,00:00:47.783,14061046326
49.043703,48.783000,-0.260703,00:00:48.783,14062811735
50.044032,49.783000,-0.261032,00:00:49.783,14064470686
51.045232,50.799000,-0.246232,00:00:50.799,14066174230
52.046317,51.783000,-0.263317,00:00:51.783,14067796251
53.047949,52.783000,-0.264949,00:00:52.783,14069561918
54.048882,53.783000,-0.265882,00:00:53.783,14071228478
55.049740,54.783000,-0.266740,00:00:54.783,14072907044
56.049930,55.783000,-0.266930,00:00:55.783,14074585419
57.050958,56.783000,-0.267958,00:00:56.783,14076368236
58.051856,57.799000,-0.252856,00:00:57.799,14078041751
59.052691,58.799000,-0.253691,00:00:58.799,14079703118
60.054085,59.799000,-0.255085,00:00:59.799,14081352152
61.054953,60.799000,-0.255953,00:01:00.799,14083148936
62.055123,61.799000,-0.256123,00:01:01.799,14084790719
63.056017,62.799000,-0.257017,00:01:02.799,14086439507
64.056854,63.799000,-0.257854,00:01:03.799,14088082069
65.057128,64.799000,-0.258128,00:01:04.799,14089890359
66.057183,65.799000,-0.258183,00:01:05.799,14091545881
67.059120,66.799000,-0.260120,00:01:06.799,14093184145
68.060045,67.799000,-0.261045,00:01:07.799,14094826104
69.061015,68.799000,-0.262015,00:01:08.799,14096545260
70.060917,69.799000,-0.261917,00:01:09.799,14098192873
71.060989,70.799000,-0.261989,00:01:10.799,14099839113
72.061862,71.799000,-0.262862,00:01:11.799,14101491653
73.062015,72.816000,-0.246015,00:01:12.816,14103181722
74.063762,73.816000,-0.247762,00:01:13.816,14104960756
75.064967,74.816000,-0.248967,00:01:14.816,14106597408
76.066859,75.816000,-0.250859,00:01:15.816,14108237273
77.068626,76.816000,-0.252626,00:01:16.816,14109878362
78.068683,77.816000,-0.252683,00:01:17.816,14111636191
79.068855,78.816000,-0.252855,00:01:18.816,14113292029
80.069631,79.816000,-0.253631,00:01:19.816,14114944443
81.069616,80.816000,-0.253616,00:01:20.816,14116585242
82.070616,81.816000,-0.254616,00:01:21.816,14118337895
83.070790,82.816000,-0.254790,00:01:22.816,14119980021
84.072528,83.816000,-0.256528,00:01:23.816,14121636365
85.072693,84.816000,-0.256693,00:01:24.816,14123299513
86.073451,85.816000,-0.257451,00:01:25.816,14125099812
87.073805,86.816000,-0.257805,00:01:26.816,14126745521
88.075580,87.816000,-0.259580,00:01:27.816,14128393905
89.075712,88.816000,-0.259712,00:01:28.816,14130034004
90.076441,89.816000,-0.260441,00:01:29.816,14131783310
91.077430,90.816000,-0.261430,00:01:30.816,14133419728
92.077471,91.816000,-0.261471,00:01:31.816,14135062486
93.078402,92.816000,-0.262402,00:01:32.816,14136712154
94.079297,93.816000,-0.263297,00:01:33.816,14138473017
95.080386,94.833000,-0.247386,00:01:34.833,14140170437
96.082297,95.833000,-0.249297,00:01:35.833,14141828846
97.083393,96.833000,-0.250393,00:01:36.833,14143488696
98.083774,97.816000,-0.267774,00:01:37.816,14145098369
99.085080,98.833000,-0.252080,00:01:38.833,14146931419
100.086632,99.833000,-0.253632,00:01:39.833,14148603356
101.088653,100.833000,-0.255653,00:01:40.833,14150291887
102.089793,101.833000,-0.256793,00:01:41.833,14151961831
103.089914,102.833000,-0.256914,00:01:42.833,14153700873
104.091155,103.833000,-0.258155,00:01:43.833,14155367377
105.092553,104.833000,-0.259553,00:01:44.833,14157028641
106.092698,105.833000,-0.259698,00:01:45.833,14158683568
107.094569,106.833000,-0.261569,00:01:46.833,14160475616
108.095516,107.833000,-0.262516,00:01:47.833,14162127765
109.096370,108.849000,-0.247370,00:01:48.849,14163842046
110.096451,109.849000,-0.247451,00:01:49.849,14165520038
111.097278,110.849000,-0.248278,00:01:50.849,14167302540
112.098302,111.833000,-0.265302,00:01:51.833,14168961437
113.098355,112.833000,-0.265355,00:01:52.833,14170622294
114.098366,113.833000,-0.265366,00:01:53.833,14172284362
115.099053,114.833000,-0.266053,00:01:54.833,14174029243
116.099288,115.833000,-0.266288,00:01:55.833,14175692217
117.099448,116.849000,-0.250448,00:01:56.849,14177402566
118.100238,117.849000,-0.251238,00:01:57.849,14179073899
119.100349,118.849000,-0.251349,00:01:58.849,14180888277
120.101143,119.849000,-0.252143,00:01:59.849,14182551746
121.101997,120.849000,-0.252997,00:02:00.849,14184211984
122.102358,121.849000,-0.253358,00:02:01.849,14185871549
123.102943,122.849000,-0.253943,00:02:02.849,14187535108
124.102971,123.849000,-0.253971,00:02:03.849,14189294998
125.103573,124.849000,-0.254573,00:02:04.849,14190943904
126.104189,125.849000,-0.255189,00:02:05.849,14192595604
127.104227,126.849000,-0.255227,00:02:06.849,14194247020
128.104443,127.849000,-0.255443,00:02:07.849,14196004788
129.106273,128.849000,-0.257273,00:02:08.849,14197668563
130.106226,129.849000,-0.257226,00:02:09.849,14199332321
131.106299,130.849000,-0.257299,00:02:10.849,14200996031
132.107484,131.849000,-0.258484,00:02:11.849,14202803984
133.108318,132.849000,-0.259318,00:02:12.849,14204481974
134.109065,133.849000,-0.260065,00:02:13.849,14206159492
135.109657,134.849000,-0.260657,00:02:14.849,14207829613
136.110656,135.849000,-0.261656,00:02:15.849,14209606100
137.112494,136.849000,-0.263494,00:02:16.849,14211269587
138.112635,137.849000,-0.263635,00:02:17.849,14212919036
139.113021,138.849000,-0.264021,00:02:18.849,14214566120
140.114039,139.866000,-0.248039,00:02:19.866,14216351290
141.114291,140.866000,-0.248291,00:02:20.866,14218003937
142.115350,141.866000,-0.249350,00:02:21.866,14219667708
143.116315,142.849000,-0.267315,00:02:22.849,14221303155
144.116965,143.849000,-0.267965,00:02:23.849,14223126132
145.117546,144.849000,-0.268546,00:02:24.849,14224787669
146.118916,145.866000,-0.252916,00:02:25.866,14226477429
147.119541,146.866000,-0.253541,00:02:26.866,14228134756
148.120650,147.866000,-0.254650,00:02:27.866,14229888154
149.121256,148.866000,-0.255256,00:02:28.866,14231558626
150.123017,149.866000,-0.257017,00:02:29.866,14233219943
151.122916,150.866000,-0.256916,00:02:30.866,14234882033
152.124295,151.866000,-0.258295,00:02:31.866,14236536887
153.125444,152.866000,-0.259444,00:02:32.866,14238328232
154.125492,153.883000,-0.242492,00:02:33.883,14240013939
155.125627,154.866000,-0.259627,00:02:34.866,14241606972
156.126465,155.866000,-0.260465,00:02:35.866,14243247752
157.126555,156.866000,-0.260555,00:02:36.866,14245043544
158.127310,157.866000,-0.261310,00:02:37.866,14246702719
159.127563,158.866000,-0.261563,00:02:38.866,14248359121
160.128677,159.866000,-0.262677,00:02:39.866,14250020208
161.129650,160.866000,-0.263650,00:02:40.866,14251754190
162.130392,161.883000,-0.247392,00:02:41.883,14253469904
163.131541,162.883000,-0.248541,00:02:42.883,14255135927
164.132378,163.883000,-0.249378,00:02:43.883,14256789735
165.132540,164.866000,-0.266540,00:02:44.866,14258555330
166.133720,165.866000,-0.267720,00:02:45.866,14260207316
167.133982,166.866000,-0.267982,00:02:46.866,14261855543
168.135145,167.883000,-0.252145,00:02:47.883,14263538629
169.136744,168.883000,-0.253744,00:02:48.883,14265302206
170.136998,169.883000,-0.253998,00:02:49.883,14266949682
171.137067,170.883000,-0.254067,00:02:50.883,14268594344
172.137003,171.883000,-0.254003,00:02:51.883,14270257793
173.137745,172.883000,-0.254745,00:02:52.883,14272051912
174.137925,173.883000,-0.254925,00:02:53.883,14273724273
175.138780,174.883000,-0.255780,00:02:54.883,14275400828
176.139662,175.883000,-0.256662,00:02:55.883,14277068392
177.139928,176.883000,-0.256928,00:02:56.883,14278741085
178.140706,177.883000,-0.257706,00:02:57.883,14280562615
179.140705,178.883000,-0.257705,00:02:58.883,14282244907
180.141540,179.883000,-0.258540,00:02:59.883,14283930160
181.142623,180.883000,-0.259623,00:03:00.883,14285557714
182.143913,181.883000,-0.260913,00:03:01.883,14287332919
183.144436,182.883000,-0.261436,00:03:02.883,14288988062
184.144904,183.899000,-0.245904,00:03:03.899,14290634400
185.146631,184.899000,-0.247631,00:03:04.899,14292275379
186.147550,185.883000,-0.264550,00:03:05.883,14294029589
187.149403,186.883000,-0.266403,00:03:06.883,14295687680
188.149764,187.883000,-0.266764,00:03:07.883,14297218476
189.150371,188.883000,-0.267371,00:03:08.883,14299391729
190.150725,189.883000,-0.267725,00:03:09.883,14301592545
191.151486,190.899000,-0.252486,00:03:10.899,14303627562
192.152209,191.899000,-0.253209,00:03:11.899,14305590993
193.153826,192.899000,-0.254826,00:03:12.899,14307559836
194.154936,193.899000,-0.255936,00:03:13.899,14309734884
195.156662,194.899000,-0.257662,00:03:14.899,14311704269
196.157627,195.899000,-0.258627,00:03:15.899,14313676081
197.157650,196.899000,-0.258650,00:03:16.899,14315647833
198.158427,197.916000,-0.242427,00:03:17.916,14317955962
199.158745,198.899000,-0.259745,00:03:18.899,14319891225
200.160565,199.899000,-0.261565,00:03:19.899,14321866662
201.161229,200.899000,-0.262229,00:03:20.899,14323837200
202.161350,201.899000,-0.262350,00:03:21.899,14325769548
203.163708,202.899000,-0.264708,00:03:22.899,14327974078
204.164715,203.899000,-0.265715,00:03:23.899,14329938845
205.166174,204.899000,-0.267174,00:03:24.899,14333018865
206.166539,205.916000,-0.250539,00:03:25.916,14333790741
207.167538,206.916000,-0.251538,00:03:26.916,14334616863
208.168246,207.916000,-0.252246,00:03:27.916,14334664552
209.169043,208.916000,-0.253043,00:03:28.916,14335591162
210.169092,209.916000,-0.253092,00:03:29.916,14335639004
211.169388,210.916000,-0.253388,00:03:30.916,14335686717
212.170487,211.916000,-0.254487,00:03:31.916,14335734433
213.171336,212.916000,-0.255336,00:03:32.916,14335782152
214.171498,213.916000,-0.255498,00:03:33.916,14336708023
215.172195,214.916000,-0.256195,00:03:34.916,14336755742
216.172228,215.916000,-0.256228,00:03:35.916,14336803460
217.173113,216.916000,-0.257113,00:03:36.916,14336851179
218.174715,217.916000,-0.258715,00:03:37.916,14337777023
219.175657,218.916000,-0.259657,00:03:38.916,14337824756
220.175623,219.916000,-0.259623,00:03:39.916,14337872475
221.176524,220.916000,-0.260524,00:03:40.916,14337920185
222.177260,221.916000,-0.261260,00:03:41.916,14338846957
223.177487,222.916000,-0.261487,00:03:42.916,14338894674
224.177562,223.916000,-0.261562,00:03:43.916,14339253907
225.177706,224.916000,-0.261706,00:03:44.916,14340427395
226.178634,225.916000,-0.262634,00:03:45.916,14342336883
227.179687,226.916000,-0.263687,00:03:46.916,14343803482
228.181176,227.916000,-0.265176,00:03:47.916,14345105214
229.181556,228.933000,-0.248556,00:03:48.933,14346509189
230.181612,229.933000,-0.248612,00:03:49.933,14348544132
231.182345,230.933000,-0.249345,00:03:50.933,14348978524
232.182972,231.916000,-0.266972,00:03:51.916,14350598738
233.183183,232.916000,-0.267183,00:03:52.916,14351945004
234.183399,233.916000,-0.267399,00:03:53.916,14353352758
235.184035,234.916000,-0.268035,00:03:54.916,14354500783
236.185948,235.933000,-0.252948,00:03:55.933,14355989556
